province,year,resource_response_type,province_resource_response_type,resource_response_score,medical_staff_10k_persons,medical_institutions_count,census_2020_population,census_2020_age65_plus_pct,medical_staff_per_10k_population,medical_institutions_per_million_population,medical_staff_growth_5y,medical_institutions_growth_5y,pm25_latest_year,pm25_population_weighted_ug_m3,pm25_pressure_percentile,province_risk_exposure_score,province_risk_exposure_type,province_burden_pressure_score,province_risk_exposure_score,province_combined_pressure_score,province_response_score,province_adaptation_gap_score,province_adaptation_gap_percentile,province_abcd_type,province_d_policy_score,province_d_payment_policy_score,chronic_policy_execution_score,chronic_policy_execution_type,chronic_demo_zone_count_2014_2026,chronic_demo_zone_count_recent_2020_2026,province_d_policy_type,province_d_policy_readiness,nbs2024_death_rate_per_mille_candidate,nbs2024_natural_growth_rate_per_mille_candidate,nbs2024_urban_population_share_pct_candidate,nbs2024_gross_regional_product_100m_yuan_candidate,nbs2024_urbanization_percentile_candidate,nbs2024_grp_percentile_candidate,nbs_mortality_panel_year_count,nbs_mortality_panel_years,nbs_mortality_latest_death_rate_per_mille_candidate,nbs_mortality_latest_death_rate_change_yoy_candidate,gbd2021_ncd_age_standardized_daly_rate_per100k,gbd2021_ncd_daly_rate_change_1990_2021_pct,gbd2021_ncd_daly_percentile,gbd2017_four_cause_daly_sum_per100k,gbd2021_ncd_mortality_percentile,freshness_rank_shift_2021_minus_2017,health_outcome_anchor_score,health_outcome_anchor_type,health_outcome_anchor_consistency_score,health_outcome_anchor_consistency_type,nbs_latest_crude_death_percentile,nbs2024_medical_beds_10k_candidate,nbs2024_medical_insurance_enrollment_10k_candidate,nbs2024_medical_insurance_fund_income_100m_candidate,nbs2024_medical_insurance_fund_expenditure_100m_candidate,c_layer_qc_pass_fields,c_layer_qc_status,c_layer_manual_review_required_for_core_score,drg_pilot_city_count,dip_pilot_city_count,payment_reform_city_count_total,policy_first_event_year,china_local_policy_execution_score,china_local_policy_execution_type,policy_execution_scored_domain_count,national_policy_milestone_domain_count,family_doctor_policy_milestone_available,hierarchical_care_policy_milestone_available,healthy_city_policy_milestone_available,policy_exposure_note,dominant_risk_triplet,dominant_disease_triplet,global_china_profile,national_top_risks_summary,province_policy_priority,recommended_policy_package,card_text,data_caveat
湖南省,2024,人均资源低位,高龄承压资源短板型,0.24677419354838714,68.5,57611.0,66444864.0,14.81,103.0929945164761,867.0497090640444,0.10787643538735248,0.006657347544993808,2024,36.11024491272759,0.7419354838709677,0.6814516129032259,省级压力高位,0.8548387096774194,0.4423963133640553,0.6814516129032259,0.24677419354838714,0.4346774193548387,1.0,高压低响应型,0.805733870967742,0.98,0.592741935483871,慢病政策执行中位,16,9,高政策暴露；慢病政策执行中位,D层政策暴露高位,8.93,-3.04,62.07,53231.0,0.2903225806451613,0.7096774193548387,6,2018;2019;2021;2022;2023;2024,8.93,-0.1500000000000003,19094.2,-38.2,,16288.6,0.3548387096774194,-0.5483870967741935,0.5080645161290323,NCD健康结局中位锚点,0.6290322580645162,低一致性需解释,0.8709677419354839,52.32,62273.0,1192.9,10134.0,3,field_level_reviewed_partial,True,1.0,3.0,4.0,2019,0.805733870967742,地方政策执行高位,2,3,True,True,True,该省存在DRG或DIP国家试点城市，可作为省级D层政策暴露时间线种子。,"吸烟(7.0,P66) / 高钠饮食(46.7,P55) / PM2.5(50.6,P45)",心血管疾病(7569.7) / 肿瘤(4989.3) / 慢性呼吸系统疾病(2292.7),类型1-高负担转型承压型 / 非传染病高压期 / 高压高响应型,高收缩压 / 吸烟 / 高血糖,优先做资源补短板+主导风险前移治理,高血压筛查、控盐行动和基层连续用药；PM2.5协同治理、心肺慢病筛查和高风险人群防护；无烟环境执法、戒烟门诊和烟草风险宣传,"湖南省当前为高龄承压资源短板型。省级GBD显示压力高但资源响应不足；主导风险为吸烟(7.0,P66) / 高钠饮食(46.7,P55) / PM2.5(50.6,P45)，主导疾病负担为心血管疾病(7569.7) / 肿瘤(4989.3) / 慢性呼吸系统疾病(2292.7)；医保支付改革试点暴露较强，可优先承接服务效率和资源配置优化情景。",已补GBD 2017省级疾病负担与风险SEV、GBD 2021省级NCD年龄标化健康结局锚点、地级市人口加权PM2.5、人口与卫生资源，并接入NHSA DRG/DIP、NHC慢病示范区、地方政策执行指标和NBS粗死亡率敏感性面板；床位、医保和基金收支为字段级QC候选不纳入核心评分，当前不声明省级健康结果强因果。
黑龙江省,2024,人均资源低位,高龄承压资源短板型,0.29838709677419356,34.45,22535.0,31850088.0,15.61,108.16296645710995,707.5333669407759,0.1272905759162306,0.10601226993865032,2024,32.51945005683872,0.6129032258064516,0.7314516129032258,省级压力高位,0.8225806451612904,0.5622119815668202,0.7314516129032258,0.29838709677419356,0.43306451612903224,0.967741935483871,高压低响应型,0.7451290322580646,0.98,0.4580645161290322,慢病政策执行中位,11,7,高政策暴露；慢病政策执行中位,D层政策暴露高位,,-6.34,68.05,16476.9,0.6451612903225806,0.22580645161290322,6,2018;2019;2021;2022;2023;2024,9.69,-0.1500000000000003,22739.6,-36.6,,17882.309999999998,0.935483870967742,-0.0645161290322581,0.9516129032258064,NCD健康结局高压锚点,0.956989247311828,高一致性,1.0,27.3,,,616.0,3,field_level_reviewed_partial,True,1.0,3.0,4.0,2019,0.7451290322580646,地方政策执行高位,2,3,True,True,True,该省存在DRG或DIP国家试点城市，可作为省级D层政策暴露时间线种子。,"高收缩压(7.5,P84) / 高血糖(1.9,P84) / 饮酒(11.7,P65)",心血管疾病(9441.1) / 肿瘤(5855.0) / 慢性呼吸系统疾病(1347.7),类型1-高负担转型承压型 / 非传染病高压期 / 高压高响应型,高收缩压 / 吸烟 / 高血糖,优先做资源补短板+主导风险前移治理,高血压筛查、控盐行动和基层连续用药；糖尿病早筛、体重管理和社区慢病随访；酒精危害干预和重点人群行为风险管理,"黑龙江省当前为高龄承压资源短板型。省级GBD显示压力高但资源响应不足；主导风险为高收缩压(7.5,P84) / 高血糖(1.9,P84) / 饮酒(11.7,P65)，主导疾病负担为心血管疾病(9441.1) / 肿瘤(5855.0) / 慢性呼吸系统疾病(1347.7)；医保支付改革试点暴露较强，可优先承接服务效率和资源配置优化情景。",已补GBD 2017省级疾病负担与风险SEV、GBD 2021省级NCD年龄标化健康结局锚点、地级市人口加权PM2.5、人口与卫生资源，并接入NHSA DRG/DIP、NHC慢病示范区、地方政策执行指标和NBS粗死亡率敏感性面板；床位、医保和基金收支为字段级QC候选不纳入核心评分，当前不声明省级健康结果强因果。
辽宁省,2024,人均资源中位,相对均衡观察型,0.4,46.82,37137.0,42591407.0,17.42,109.9282773165958,871.9364448326396,0.18023695487774138,0.08467200186926815,2024,32.341358401511954,0.5806451612903226,0.8205645161290323,省级压力高位,0.8467741935483871,0.6843317972350231,0.8205645161290323,0.4,0.42056451612903223,0.9354838709677419,高压低响应型,0.776225806451613,0.96,0.5516129032258066,慢病政策执行中位,15,6,高政策暴露；慢病政策执行中位,D层政策暴露高位,,-5.3,74.18,32612.7,0.8064516129032258,0.5161290322580645,6,2018;2019;2021;2022;2023;2024,9.62,-0.0699999999999985,20922.9,-17.2,,17785.07,0.8387096774193549,-0.2258064516129032,0.8274193548387097,NCD健康结局高压锚点,0.8655913978494624,高一致性,0.967741935483871,33.77,,,911.9,2,field_level_reviewed_partial,True,1.0,2.0,3.0,2019,0.776225806451613,地方政策执行高位,2,3,True,True,True,该省存在DRG或DIP国家试点城市，可作为省级D层政策暴露时间线种子。,"高收缩压(8.9,P100) / 饮酒(12.5,P84) / 高BMI(11.1,P82)",心血管疾病(8988.0) / 肿瘤(6011.0) / 糖尿病和肾病(1499.0),类型1-高负担转型承压型 / 非传染病高压期 / 高压高响应型,高收缩压 / 吸烟 / 高血糖,优先做资源补短板+主导风险前移治理,高血压筛查、控盐行动和基层连续用药；糖尿病早筛、体重管理和社区慢病随访；酒精危害干预和重点人群行为风险管理,"辽宁省当前为相对均衡观察型。省级GBD显示压力高但资源响应不足；主导风险为高收缩压(8.9,P100) / 饮酒(12.5,P84) / 高BMI(11.1,P82)，主导疾病负担为心血管疾病(8988.0) / 肿瘤(6011.0) / 糖尿病和肾病(1499.0)；医保支付改革试点暴露较强，可优先承接服务效率和资源配置优化情景。",已补GBD 2017省级疾病负担与风险SEV、GBD 2021省级NCD年龄标化健康结局锚点、地级市人口加权PM2.5、人口与卫生资源，并接入NHSA DRG/DIP、NHC慢病示范区、地方政策执行指标和NBS粗死亡率敏感性面板；床位、医保和基金收支为字段级QC候选不纳入核心评分，当前不声明省级健康结果强因果。
湖北省,2024,人均资源低位,相对均衡观察型,0.25806451612903225,61.59,38897.0,57752557.0,14.59,106.64462873912233,673.5113044431955,0.17024510735322052,0.09522736871744342,2024,37.55882829912527,0.8387096774193549,0.6298387096774193,省级压力中位,0.7741935483870968,0.4354838709677419,0.6298387096774193,0.25806451612903225,0.37177419354838703,0.9032258064516129,低压低响应型,0.8237661290322582,0.96,0.6572580645161292,慢病政策执行中位,21,5,高政策暴露；慢病政策执行中位,D层政策暴露高位,8.52,-3.14,66.35,60013.0,0.5806451612903226,0.8064516129032258,6,2018;2019;2021;2022;2023;2024,8.52,-0.1100000000000012,19097.8,-37.6,,15556.7,0.5483870967741935,-0.4516129032258064,0.5612903225806452,NCD健康结局中位锚点,0.7365591397849462,中一致性,0.7741935483870968,47.58,5552.2,1208.7,1144.0,3,field_level_reviewed_partial,True,1.0,2.0,3.0,2019,0.8237661290322582,地方政策执行高位,2,3,True,True,True,该省存在DRG或DIP国家试点城市，可作为省级D层政策暴露时间线种子。,"饮酒(12.4,P81) / PM2.5(59.8,P74) / 高收缩压(6.5,P42)",心血管疾病(7168.9) / 肿瘤(5326.1) / 慢性呼吸系统疾病(1963.2),类型1-高负担转型承压型 / 非传染病高压期 / 高压高响应型,高收缩压 / 吸烟 / 高血糖,优先补基层能力和基础服务网络,高血压筛查、控盐行动和基层连续用药；PM2.5协同治理、心肺慢病筛查和高风险人群防护；酒精危害干预和重点人群行为风险管理,"湖北省当前为相对均衡观察型。当前压力不算最高，但响应能力偏弱，应先补资源底盘并监测饮酒(12.4,P81) / PM2.5(59.8,P74) / 高收缩压(6.5,P42)；医保支付改革试点暴露较强，可优先承接服务效率和资源配置优化情景。",已补GBD 2017省级疾病负担与风险SEV、GBD 2021省级NCD年龄标化健康结局锚点、地级市人口加权PM2.5、人口与卫生资源，并接入NHSA DRG/DIP、NHC慢病示范区、地方政策执行指标和NBS粗死亡率敏感性面板；床位、医保和基金收支为字段级QC候选不纳入核心评分，当前不声明省级健康结果强因果。
江苏省,2024,人均资源中位,相对均衡观察型,0.35161290322580646,94.2,41680.0,84748016.0,16.2,111.15304457392844,491.8109233377216,0.19801602441816102,0.1978388320496609,2024,31.759773469739564,0.5483870967741935,0.6915322580645161,省级压力高位,0.6048387096774194,0.7004608294930875,0.6915322580645161,0.35161290322580646,0.33991935483870966,0.8709677419354839,高压低响应型,0.9469032258064517,0.98,0.9064516129032258,慢病政策执行高位,32,12,高政策暴露；慢病政策执行高位,D层政策暴露高位,7.48,-2.5,75.53,137008.0,0.8709677419354839,0.967741935483871,6,2018;2019;2021;2022;2023;2024,7.48,-0.0699999999999994,16179.6,-34.2,,12929.72,0.1290322580645161,-0.3870967741935484,0.2161290322580645,NCD健康结局低压锚点,0.7580645161290323,中一致性,0.4193548387096774,60.41,8139.1,2735.0,2491.7,5,field_level_reviewed_high_confidence,False,1.0,3.0,4.0,2019,0.9469032258064516,地方政策执行高位,2,3,True,True,True,该省存在DRG或DIP国家试点城市，可作为省级D层政策暴露时间线种子。,"饮酒(13.6,P94) / 高BMI(11.4,P87) / PM2.5(68.4,P84)",肿瘤(5522.9) / 心血管疾病(4607.6) / 慢性呼吸系统疾病(1720.2),类型1-高负担转型承压型 / 非传染病高压期 / 高压高响应型,高收缩压 / 吸烟 / 高血糖,优先做资源补短板+主导风险前移治理,PM2.5协同治理、心肺慢病筛查和高风险人群防护；糖尿病早筛、体重管理和社区慢病随访；酒精危害干预和重点人群行为风险管理,"江苏省当前为相对均衡观察型。省级GBD显示压力高但资源响应不足；主导风险为饮酒(13.6,P94) / 高BMI(11.4,P87) / PM2.5(68.4,P84)，主导疾病负担为肿瘤(5522.9) / 心血管疾病(4607.6) / 慢性呼吸系统疾病(1720.2)；医保支付改革试点暴露较强，可优先承接服务效率和资源配置优化情景。",已补GBD 2017省级疾病负担与风险SEV、GBD 2021省级NCD年龄标化健康结局锚点、地级市人口加权PM2.5、人口与卫生资源，并接入NHSA DRG/DIP、NHC慢病示范区、地方政策执行指标和NBS粗死亡率敏感性面板；床位、医保和基金收支为字段级QC候选不纳入核心评分，当前不声明省级健康结果强因果。
重庆市,2024,人均资源中位,相对均衡观察型,0.37258064516129036,34.56,23815.0,32054159.0,17.08,107.81752221295216,742.9613111983379,0.19999999999999996,0.13097782210191378,2024,33.3397260273973,0.6451612903225806,0.6592741935483871,省级压力中位,0.6532258064516129,0.49078341013824883,0.6592741935483871,0.37258064516129036,0.28669354838709676,0.8387096774193549,低压低响应型,0.48894354838709675,0.47,0.5120967741935484,慢病政策执行中位,14,4,中政策暴露；慢病政策执行中位,D层政策暴露中位,8.87,-2.88,72.14,32193.2,0.7741935483870968,0.4838709677419355,6,2018;2019;2021;2022;2023;2024,8.87,-0.0300000000000011,20224.5,-40.7,,14126.079999999998,0.6774193548387096,-0.0322580645161291,0.6951612903225807,NCD健康结局高压锚点,0.9301075268817204,高一致性,0.8064516129032258,24.79,3133.7,765.9,644.3,4,field_level_reviewed_high_confidence,True,1.0,0.0,1.0,2019,0.4889435483870967,地方政策执行中位,2,3,True,True,True,该省存在DRG或DIP国家试点城市，可作为省级D层政策暴露时间线种子。,"高钠饮食(46.9,P58) / 高收缩压(6.7,P56) / PM2.5(53.4,P55)",心血管疾病(5408.3) / 肿瘤(4787.4) / 慢性呼吸系统疾病(2872.8),类型1-高负担转型承压型 / 非传染病高压期 / 高压高响应型,高收缩压 / 吸烟 / 高血糖,优先补基层能力和基础服务网络,高血压筛查、控盐行动和基层连续用药；PM2.5协同治理、心肺慢病筛查和高风险人群防护,"重庆市当前为相对均衡观察型。当前压力不算最高，但响应能力偏弱，应先补资源底盘并监测高钠饮食(46.9,P58) / 高收缩压(6.7,P56) / PM2.5(53.4,P55)。",已补GBD 2017省级疾病负担与风险SEV、GBD 2021省级NCD年龄标化健康结局锚点、地级市人口加权PM2.5、人口与卫生资源，并接入NHSA DRG/DIP、NHC慢病示范区、地方政策执行指标和NBS粗死亡率敏感性面板；床位、医保和基金收支为字段级QC候选不纳入核心评分，当前不声明省级健康结果强因果。
安徽省,2024,人均资源中位,相对均衡观察型,0.36451612903225805,59.9,32635.0,61027171.0,15.01,98.15300139015129,534.7618030663751,0.31764188297404305,0.23453754492150547,2024,36.4462661147424,0.7741935483870968,0.6125,省级压力中位,0.5725806451612903,0.5898617511520737,0.6125,0.36451612903225805,0.247983870967742,0.8064516129032258,低压低响应型,0.8018548387096776,1.0,0.5596774193548388,慢病政策执行中位,16,7,高政策暴露；慢病政策执行中位,D层政策暴露高位,8.41,-2.24,62.57,50625.2,0.3225806451612903,0.6774193548387096,6,2018;2019;2021;2022;2023;2024,8.41,-0.1500000000000003,17889.9,-40.8,,13665.97,0.2903225806451613,-0.3548387096774194,0.3661290322580645,NCD健康结局中位锚点,0.7204301075268817,中一致性,0.7096774193548387,44.9,6252.3,1116.6,932.6,5,field_level_reviewed_high_confidence,False,1.0,6.0,7.0,2019,0.8018548387096776,地方政策执行高位,2,3,True,True,True,该省存在DRG或DIP国家试点城市，可作为省级D层政策暴露时间线种子。,"高钠饮食(48.8,P87) / 吸烟(7.3,P81) / PM2.5(53.9,P61)",心血管疾病(6068.7) / 肿瘤(5068.2) / 慢性呼吸系统疾病(1509.9),类型1-高负担转型承压型 / 非传染病高压期 / 高压高响应型,高收缩压 / 吸烟 / 高血糖,优先补基层能力和基础服务网络,高血压筛查、控盐行动和基层连续用药；PM2.5协同治理、心肺慢病筛查和高风险人群防护；无烟环境执法、戒烟门诊和烟草风险宣传,"安徽省当前为相对均衡观察型。当前压力不算最高，但响应能力偏弱，应先补资源底盘并监测高钠饮食(48.8,P87) / 吸烟(7.3,P81) / PM2.5(53.9,P61)；医保支付改革试点暴露较强，可优先承接服务效率和资源配置优化情景。",已补GBD 2017省级疾病负担与风险SEV、GBD 2021省级NCD年龄标化健康结局锚点、地级市人口加权PM2.5、人口与卫生资源，并接入NHSA DRG/DIP、NHC慢病示范区、地方政策执行指标和NBS粗死亡率敏感性面板；床位、医保和基金收支为字段级QC候选不纳入核心评分，当前不声明省级健康结果强因果。
四川省,2024,人均资源中位,相对均衡观察型,0.4854838709677419,94.22,74797.0,83674866.0,16.93,112.60251077067754,893.9004455650995,0.18754726493571972,-0.10696547113042643,2024,31.54050762738181,0.5161290322580645,0.7012096774193549,省级压力高位,0.782258064516129,0.46313364055299544,0.7012096774193549,0.4854838709677419,0.215725806451613,0.7741935483870968,高压低响应型,0.8888387096774193,0.98,0.7774193548387096,慢病政策执行高位,24,12,高政策暴露；慢病政策执行高位,D层政策暴露高位,9.43,-3.0199999999999996,60.1,64697.0,0.22580645161290322,0.8709677419354839,6,2018;2019;2021;2022;2023;2024,9.43,-0.0099999999999997,19521.9,-32.2,,16010.22,0.4193548387096774,-0.3225806451612902,0.6161290322580645,NCD健康结局中位锚点,0.6881720430107527,中一致性,0.935483870967742,71.49,8082.6,1899.9,1519.6,4,field_level_reviewed_high_confidence,True,1.0,3.0,4.0,2019,0.8888387096774193,地方政策执行高位,2,3,True,True,True,该省存在DRG或DIP国家试点城市，可作为省级D层政策暴露时间线种子。,"吸烟(7.2,P71) / 饮酒(10.7,P52) / 高钠饮食(45.8,P48)",肿瘤(5936.0) / 心血管疾病(5766.0) / 慢性呼吸系统疾病(3185.8),类型1-高负担转型承压型 / 非传染病高压期 / 高压高响应型,高收缩压 / 吸烟 / 高血糖,优先做资源补短板+主导风险前移治理,高血压筛查、控盐行动和基层连续用药；无烟环境执法、戒烟门诊和烟草风险宣传；酒精危害干预和重点人群行为风险管理,"四川省当前为相对均衡观察型。省级GBD显示压力高但资源响应不足；主导风险为吸烟(7.2,P71) / 饮酒(10.7,P52) / 高钠饮食(45.8,P48)，主导疾病负担为肿瘤(5936.0) / 心血管疾病(5766.0) / 慢性呼吸系统疾病(3185.8)；医保支付改革试点暴露较强，可优先承接服务效率和资源配置优化情景。",已补GBD 2017省级疾病负担与风险SEV、GBD 2021省级NCD年龄标化健康结局锚点、地级市人口加权PM2.5、人口与卫生资源，并接入NHSA DRG/DIP、NHC慢病示范区、地方政策执行指标和NBS粗死亡率敏感性面板；床位、医保和基金收支为字段级QC候选不纳入核心评分，当前不声明省级健康结果强因果。
山东省,2024,人均资源中位,相对均衡观察型,0.5612903225806453,118.16,90070.0,101527453.0,15.13,116.38231484049935,887.1492127355939,0.18089146512092746,0.07718618446230385,2024,36.067648062030635,0.7096774193548387,0.6689516129032258,省级压力高位,0.5725806451612904,0.7327188940092165,0.6689516129032258,0.5612903225806453,0.10766129032258054,0.7419354838709677,高压高响应型,0.8991129032258065,1.0,0.7758064516129033,慢病政策执行高位,26,11,高政策暴露；慢病政策执行高位,D层政策暴露高位,8.09,-1.67,66.48,98565.8,0.6129032258064516,0.9354838709677419,6,2018;2019;2021;2022;2023;2024,8.09,-0.0999999999999996,17782.8,-30.8,,14265.5,0.2258064516129032,-0.5161290322580645,0.3387096774193548,NCD健康结局中位锚点,0.6827956989247312,中一致性,0.5806451612903226,76.1,9588.3,2262.5,2059.2,5,field_level_reviewed_high_confidence,False,1.0,7.0,8.0,2019,0.8991129032258065,地方政策执行高位,2,3,True,True,True,该省存在DRG或DIP国家试点城市，可作为省级D层政策暴露时间线种子。,"高BMI(11.6,P90) / 高钠饮食(50.2,P90) / PM2.5(68.6,P87)",心血管疾病(6644.5) / 肿瘤(5136.0) / 慢性呼吸系统疾病(1544.6),类型1-高负担转型承压型 / 非传染病高压期 / 高压高响应型,高收缩压 / 吸烟 / 高血糖,优先做高负担精细化管理和服务效率提升,高血压筛查、控盐行动和基层连续用药；PM2.5协同治理、心肺慢病筛查和高风险人群防护；糖尿病早筛、体重管理和社区慢病随访,"山东省当前为相对均衡观察型。压力高但响应基础不弱，应把资源投向主导风险和疾病链条；主导风险为高BMI(11.6,P90) / 高钠饮食(50.2,P90) / PM2.5(68.6,P87)；医保支付改革试点暴露较强，可优先承接服务效率和资源配置优化情景。",已补GBD 2017省级疾病负担与风险SEV、GBD 2021省级NCD年龄标化健康结局锚点、地级市人口加权PM2.5、人口与卫生资源，并接入NHSA DRG/DIP、NHC慢病示范区、地方政策执行指标和NBS粗死亡率敏感性面板；床位、医保和基金收支为字段级QC候选不纳入核心评分，当前不声明省级健康结果强因果。
福建省,2024,人均资源低位,年轻结构资源短板型,0.3016129032258065,41.04,30543.0,41540086.0,11.1,98.7961363392459,735.2656901095486,0.22763984445109187,0.09914351518641129,2024,19.399028487511337,0.12903225806451613,0.372983870967742,省级压力中位,0.29838709677419356,0.5345622119815668,0.372983870967742,0.3016129032258065,0.07137096774193552,0.7096774193548387,低压低响应型,0.7818951612903227,1.0,0.5153225806451613,慢病政策执行中位,13,8,高政策暴露；慢病政策执行中位,D层政策暴露高位,6.71,0.24,71.8,57761.0,0.7419354838709677,0.7741935483870968,6,2018;2019;2021;2022;2023;2024,6.71,-0.2400000000000002,16085.5,-38.1,,10079.02,0.064516129032258,-0.1612903225806451,0.1112903225806451,NCD健康结局低压锚点,0.8602150537634409,高一致性,0.2903225806451613,24.89,3823.8,,,3,field_level_reviewed_partial,True,1.0,4.0,5.0,2019,0.7818951612903227,地方政策执行高位,2,3,True,True,True,该省存在DRG或DIP国家试点城市，可作为省级D层政策暴露时间线种子。,"高钠饮食(48.5,P81) / 吸烟(7.3,P74) / 饮酒(11.9,P68)",肿瘤(4535.3) / 心血管疾病(3457.0) / 慢性呼吸系统疾病(1144.9),类型1-高负担转型承压型 / 非传染病高压期 / 高压高响应型,高收缩压 / 吸烟 / 高血糖,优先补基层能力和基础服务网络,高血压筛查、控盐行动和基层连续用药；无烟环境执法、戒烟门诊和烟草风险宣传；酒精危害干预和重点人群行为风险管理,"福建省当前为年轻结构资源短板型。当前压力不算最高，但响应能力偏弱，应先补资源底盘并监测高钠饮食(48.5,P81) / 吸烟(7.3,P74) / 饮酒(11.9,P68)；医保支付改革试点暴露较强，可优先承接服务效率和资源配置优化情景。",已补GBD 2017省级疾病负担与风险SEV、GBD 2021省级NCD年龄标化健康结局锚点、地级市人口加权PM2.5、人口与卫生资源，并接入NHSA DRG/DIP、NHC慢病示范区、地方政策执行指标和NBS粗死亡率敏感性面板；床位、医保和基金收支为字段级QC候选不纳入核心评分，当前不声明省级健康结果强因果。
河南省,2024,人均资源中位,相对均衡观察型,0.532258064516129,109.55,86702.0,99365519.0,13.49,110.24951220754957,872.5562033244147,0.23394908763234956,0.22574716543670648,2024,46.3081696749895,0.967741935483871,0.5919354838709678,省级压力中位,0.5806451612903226,0.6129032258064517,0.5919354838709678,0.532258064516129,0.059677419354838834,0.6774193548387096,相对均衡型,0.8785645161290323,0.96,0.7790322580645161,慢病政策执行高位,25,13,高政策暴露；慢病政策执行高位,D层政策暴露高位,7.89,-0.11,59.22,63590.0,0.1935483870967742,0.8387096774193549,6,2018;2019;2021;2022;2023;2024,7.89,-0.1100000000000003,19365.1,-28.1,,14391.39,0.4516129032258064,-0.2580645161290322,0.535483870967742,NCD健康结局中位锚点,0.8387096774193549,高一致性,0.5161290322580645,76.51,9728.9,1612.1,1465.2,3,field_level_reviewed_partial,True,1.0,2.0,3.0,2019,0.8785645161290323,地方政策执行高位,2,3,True,True,True,该省存在DRG或DIP国家试点城市，可作为省级D层政策暴露时间线种子。,"PM2.5(65.4,P81) / 高BMI(10.8,P77) / 高钠饮食(48.0,P77)",心血管疾病(7625.2) / 肿瘤(4433.1) / 慢性呼吸系统疾病(1325.6),类型1-高负担转型承压型 / 非传染病高压期 / 高压高响应型,高收缩压 / 吸烟 / 高血糖,优先做风险监测、慢病质量提升和局部短板治理,高血压筛查、控盐行动和基层连续用药；PM2.5协同治理、心肺慢病筛查和高风险人群防护；糖尿病早筛、体重管理和社区慢病随访,"河南省当前为相对均衡观察型。压力与响应相对匹配，重点盯住PM2.5(65.4,P81) / 高BMI(10.8,P77) / 高钠饮食(48.0,P77)，避免局部缺口扩大；医保支付改革试点暴露较强，可优先承接服务效率和资源配置优化情景。",已补GBD 2017省级疾病负担与风险SEV、GBD 2021省级NCD年龄标化健康结局锚点、地级市人口加权PM2.5、人口与卫生资源，并接入NHSA DRG/DIP、NHC慢病示范区、地方政策执行指标和NBS粗死亡率敏感性面板；床位、医保和基金收支为字段级QC候选不纳入核心评分，当前不声明省级健康结果强因果。
天津市,2024,人均资源中位,相对均衡观察型,0.55,17.16,6939.0,13866009.0,14.75,123.75586947909812,500.4323882957238,0.23275862068965525,0.16387118416638713,2024,38.1753424657534,0.8709677419354839,0.5995967741935484,省级压力中位,0.5080645161290323,0.6728110599078342,0.5995967741935484,0.55,0.049596774193548354,0.6451612903225806,相对均衡型,0.6951854838709678,0.94,0.3959677419354839,慢病政策执行中位,8,5,高政策暴露；慢病政策执行中位,D层政策暴露高位,6.96,-1.97,86.01,18024.3,0.9354838709677419,0.25806451612903225,6,2018;2019;2021;2022;2023;2024,6.96,-0.08,19233.2,-25.4,,12349.25,0.6129032258064516,0.064516129032258,0.496774193548387,NCD健康结局中位锚点,0.8440860215053764,高一致性,0.3225806451612903,7.32,1227.7,542.7,483.6,4,field_level_reviewed_high_confidence,True,1.0,1.0,2.0,2019,0.6951854838709678,地方政策执行高位,2,3,True,True,True,该省存在DRG或DIP国家试点城市，可作为省级D层政策暴露时间线种子。,"高血糖(2.1,P100) / PM2.5(85.4,P97) / 高BMI(14.8,P97)",心血管疾病(6148.2) / 肿瘤(3971.1) / 糖尿病和肾病(1243.7),类型1-高负担转型承压型 / 非传染病高压期 / 高压高响应型,高收缩压 / 吸烟 / 高血糖,优先做风险监测、慢病质量提升和局部短板治理,PM2.5协同治理、心肺慢病筛查和高风险人群防护；糖尿病早筛、体重管理和社区慢病随访,"天津市当前为相对均衡观察型。压力与响应相对匹配，重点盯住高血糖(2.1,P100) / PM2.5(85.4,P97) / 高BMI(14.8,P97)，避免局部缺口扩大；医保支付改革试点暴露较强，可优先承接服务效率和资源配置优化情景。",已补GBD 2017省级疾病负担与风险SEV、GBD 2021省级NCD年龄标化健康结局锚点、地级市人口加权PM2.5、人口与卫生资源，并接入NHSA DRG/DIP、NHC慢病示范区、地方政策执行指标和NBS粗死亡率敏感性面板；床位、医保和基金收支为字段级QC候选不纳入核心评分，当前不声明省级健康结果强因果。
广东省,2024,人均资源低位,年轻结构资源短板型,0.2806451612903226,120.25,66125.0,126012510.0,8.58,95.42703339533512,524.7494871739322,0.2501299511383721,0.22680890538033394,2024,20.039196928026684,0.16129032258064516,0.2870967741935484,省级压力低位,0.1935483870967742,0.5161290322580646,0.2870967741935484,0.2806451612903226,0.006451612903225823,0.6129032258064516,低压低响应型,0.8356048387096775,1.0,0.6346774193548388,慢病政策执行中位,19,11,高政策暴露；慢病政策执行中位,D层政策暴露高位,5.2,3.69,75.91,141633.8,0.9032258064516129,1.0,6,2018;2019;2021;2022;2023;2024,5.2,-0.1600000000000001,16970.6,-36.4,,9027.52,0.1612903225806451,0.0967741935483871,0.1532258064516129,NCD健康结局低压锚点,0.9086021505376344,高一致性,0.032258064516129,64.44,11187.6,,2674.7,3,field_level_reviewed_partial,True,1.0,5.0,6.0,2019,0.8356048387096775,地方政策执行高位,2,3,True,True,True,该省存在DRG或DIP国家试点城市，可作为省级D层政策暴露时间线种子。,"高血糖(2.0,P94) / 饮酒(12.2,P77) / PM2.5(51.2,P48)",心血管疾病(3498.0) / 肿瘤(3453.2) / 慢性呼吸系统疾病(1156.3),类型1-高负担转型承压型 / 非传染病高压期 / 高压高响应型,高收缩压 / 吸烟 / 高血糖,优先补基层能力和基础服务网络,PM2.5协同治理、心肺慢病筛查和高风险人群防护；糖尿病早筛、体重管理和社区慢病随访；酒精危害干预和重点人群行为风险管理,"广东省当前为年轻结构资源短板型。当前压力不算最高，但响应能力偏弱，应先补资源底盘并监测高血糖(2.0,P94) / 饮酒(12.2,P77) / PM2.5(51.2,P48)；医保支付改革试点暴露较强，可优先承接服务效率和资源配置优化情景。",已补GBD 2017省级疾病负担与风险SEV、GBD 2021省级NCD年龄标化健康结局锚点、地级市人口加权PM2.5、人口与卫生资源，并接入NHSA DRG/DIP、NHC慢病示范区、地方政策执行指标和NBS粗死亡率敏感性面板；床位、医保和基金收支为字段级QC候选不纳入核心评分，当前不声明省级健康结果强因果。
山西省,2024,人均资源中位,相对均衡观察型,0.45967741935483875,39.25,38415.0,34915616.0,12.9,112.41388380488547,1100.2240372903632,0.1486684225929178,-0.08887149565959873,2024,37.42379819594856,0.8064516129032258,0.4423387096774194,省级压力中位,0.29838709677419356,0.6405529953917052,0.4423387096774194,0.45967741935483875,-0.01733870967741935,0.5806451612903226,低压低响应型,0.8189354838709678,0.94,0.670967741935484,慢病政策执行高位,15,9,高政策暴露；慢病政策执行高位,D层政策暴露高位,8.33,-1.39,66.32,25494.7,0.5483870967741935,0.3548387096774194,6,2018;2019;2021;2022;2023;2024,8.33,-0.0500000000000007,19385.5,-33.7,,11434.39,0.5161290322580645,0.2580645161290322,0.5096774193548388,NCD健康结局中位锚点,0.8172043010752689,高一致性,0.6451612903225806,22.99,3157.6,676.1,563.1,4,field_level_reviewed_high_confidence,True,1.0,1.0,2.0,2019,0.8189354838709678,地方政策执行高位,2,3,True,True,True,该省存在DRG或DIP国家试点城市，可作为省级D层政策暴露时间线种子。,"高收缩压(7.7,P90) / 高血糖(1.8,P77) / 高BMI(10.7,P74)",心血管疾病(5660.2) / 肿瘤(3733.6) / 慢性呼吸系统疾病(1055.8),类型1-高负担转型承压型 / 非传染病高压期 / 高压高响应型,高收缩压 / 吸烟 / 高血糖,优先补基层能力和基础服务网络,高血压筛查、控盐行动和基层连续用药；糖尿病早筛、体重管理和社区慢病随访,"山西省当前为相对均衡观察型。当前压力不算最高，但响应能力偏弱，应先补资源底盘并监测高收缩压(7.7,P90) / 高血糖(1.8,P77) / 高BMI(10.7,P74)；医保支付改革试点暴露较强，可优先承接服务效率和资源配置优化情景。",已补GBD 2017省级疾病负担与风险SEV、GBD 2021省级NCD年龄标化健康结局锚点、地级市人口加权PM2.5、人口与卫生资源，并接入NHSA DRG/DIP、NHC慢病示范区、地方政策执行指标和NBS粗死亡率敏感性面板；床位、医保和基金收支为字段级QC候选不纳入核心评分，当前不声明省级健康结果强因果。
广西壮族自治区,2024,人均资源中位,相对均衡观察型,0.4387096774193549,55.95,34685.0,50126804.0,12.2,111.61693053480928,691.945171688983,0.27043596730245234,0.029870245553609065,2024,25.344253881165013,0.25806451612903225,0.4161290322580645,省级压力中位,0.6129032258064516,0.19815668202764974,0.4161290322580645,0.4387096774193549,-0.02258064516129038,0.5483870967741935,低压低响应型,0.4149112903225807,0.47,0.3475806451612903,慢病政策执行中位,10,7,中政策暴露；慢病政策执行中位,D层政策暴露中位,7.49,0.88,57.39,28649.4,0.16129032258064516,0.41935483870967744,6,2018;2019;2021;2022;2023;2024,7.49,-0.1299999999999999,18853.2,-26.4,,13349.97,0.2580645161290322,-0.2258064516129032,0.35,NCD健康结局中位锚点,0.8333333333333334,高一致性,0.4516129032258064,37.73,5113.7,,853.6,3,field_level_reviewed_partial,True,1.0,0.0,1.0,2019,0.4149112903225807,地方政策执行中位,2,3,True,True,True,该省存在DRG或DIP国家试点城市，可作为省级D层政策暴露时间线种子。,"高血糖(1.3,P32) / 饮酒(10.2,P32) / PM2.5(41.5,P26)",心血管疾病(6041.1) / 肿瘤(4594.6) / 慢性呼吸系统疾病(1625.5),类型1-高负担转型承压型 / 非传染病高压期 / 高压高响应型,高收缩压 / 吸烟 / 高血糖,优先补基层能力和基础服务网络,PM2.5协同治理、心肺慢病筛查和高风险人群防护；糖尿病早筛、体重管理和社区慢病随访；酒精危害干预和重点人群行为风险管理,"广西壮族自治区当前为相对均衡观察型。当前压力不算最高，但响应能力偏弱，应先补资源底盘并监测高血糖(1.3,P32) / 饮酒(10.2,P32) / PM2.5(41.5,P26)。",已补GBD 2017省级疾病负担与风险SEV、GBD 2021省级NCD年龄标化健康结局锚点、地级市人口加权PM2.5、人口与卫生资源，并接入NHSA DRG/DIP、NHC慢病示范区、地方政策执行指标和NBS粗死亡率敏感性面板；床位、医保和基金收支为字段级QC候选不纳入核心评分，当前不声明省级健康结果强因果。
河北省,2024,人均资源高位,资源储备较强型,0.7241935483870967,84.26,93648.0,74610235.0,13.92,112.93356735841938,1255.162914310617,0.3019159456118665,0.10628344614948437,2024,40.0679125326305,0.9354838709677419,0.6612903225806451,省级压力中位,0.6612903225806452,0.6889400921658986,0.6612903225806451,0.7241935483870967,-0.06290322580645158,0.5161290322580645,相对均衡型,0.8555645161290324,1.0,0.6790322580645162,慢病政策执行高位,20,10,高政策暴露；慢病政策执行高位,D层政策暴露高位,8.22,-2.32,63.42,47526.9,0.3870967741935484,0.6129032258064516,6,2018;2019;2021;2022;2023;2024,8.22,-0.1099999999999994,21082.6,-21.9,,15539.74,0.7741935483870968,-0.0645161290322581,0.7677419354838708,NCD健康结局高压锚点,0.8870967741935484,高一致性,0.6129032258064516,54.69,67779.0,1344.7,1163.8,4,field_level_reviewed_high_confidence,True,1.0,4.0,5.0,2019,0.8555645161290324,地方政策执行高位,2,3,True,True,True,该省存在DRG或DIP国家试点城市，可作为省级D层政策暴露时间线种子。,"PM2.5(73.6,P94) / 高收缩压(7.7,P87) / 高BMI(11.1,P82)",心血管疾病(8761.9) / 肿瘤(4370.9) / 慢性呼吸系统疾病(1236.8),类型1-高负担转型承压型 / 非传染病高压期 / 高压高响应型,高收缩压 / 吸烟 / 高血糖,优先做风险监测、慢病质量提升和局部短板治理,高血压筛查、控盐行动和基层连续用药；PM2.5协同治理、心肺慢病筛查和高风险人群防护；糖尿病早筛、体重管理和社区慢病随访,"河北省当前为资源储备较强型。压力与响应相对匹配，重点盯住PM2.5(73.6,P94) / 高收缩压(7.7,P87) / 高BMI(11.1,P82)，避免局部缺口扩大；医保支付改革试点暴露较强，可优先承接服务效率和资源配置优化情景。",已补GBD 2017省级疾病负担与风险SEV、GBD 2021省级NCD年龄标化健康结局锚点、地级市人口加权PM2.5、人口与卫生资源，并接入NHSA DRG/DIP、NHC慢病示范区、地方政策执行指标和NBS粗死亡率敏感性面板；床位、医保和基金收支为字段级QC候选不纳入核心评分，当前不声明省级健康结果强因果。
陕西省,2024,人均资源中位,相对均衡观察型,0.5290322580645161,47.96,35426.0,39528999.0,13.32,121.32864786178875,896.2028104986924,0.101010101010101,0.0006213987120098352,2024,39.20508941190747,0.9032258064516129,0.46048387096774196,省级压力中位,0.3870967741935484,0.5046082949308756,0.46048387096774196,0.5290322580645161,-0.06854838709677419,0.4838709677419355,相对均衡型,0.7866370967741936,0.94,0.5991935483870968,慢病政策执行中位,15,7,高政策暴露；慢病政策执行中位,D层政策暴露高位,,-0.69,66.14,35538.8,0.5161290322580645,0.5806451612903226,6,2018;2019;2021;2022;2023;2024,8.05,-0.0899999999999998,18920.9,-40.1,,12205.87,0.4838709677419355,0.0,0.4129032258064516,NCD健康结局中位锚点,0.8817204301075269,高一致性,0.5483870967741935,20.77,3716.1,929.2,756.0,5,field_level_reviewed_high_confidence,False,1.0,1.0,2.0,2019,0.7866370967741936,地方政策执行高位,2,3,True,True,True,该省存在DRG或DIP国家试点城市，可作为省级D层政策暴露时间线种子。,"高钠饮食(47.9,P74) / 吸烟(7.0,P61) / 饮酒(11.1,P58)",心血管疾病(6442.3) / 肿瘤(3569.0) / 慢性呼吸系统疾病(1239.2),类型1-高负担转型承压型 / 非传染病高压期 / 高压高响应型,高收缩压 / 吸烟 / 高血糖,优先做风险监测、慢病质量提升和局部短板治理,高血压筛查、控盐行动和基层连续用药；无烟环境执法、戒烟门诊和烟草风险宣传；酒精危害干预和重点人群行为风险管理,"陕西省当前为相对均衡观察型。压力与响应相对匹配，重点盯住高钠饮食(47.9,P74) / 吸烟(7.0,P61) / 饮酒(11.1,P58)，避免局部缺口扩大；医保支付改革试点暴露较强，可优先承接服务效率和资源配置优化情景。",已补GBD 2017省级疾病负担与风险SEV、GBD 2021省级NCD年龄标化健康结局锚点、地级市人口加权PM2.5、人口与卫生资源，并接入NHSA DRG/DIP、NHC慢病示范区、地方政策执行指标和NBS粗死亡率敏感性面板；床位、医保和基金收支为字段级QC候选不纳入核心评分，当前不声明省级健康结果强因果。
江西省,2024,人均资源中位,相对均衡观察型,0.4370967741935484,45.97,39392.0,45188635.0,11.89,101.72911839448128,871.7236092659139,0.31983921906402535,0.06381484782197733,2024,26.261143368678045,0.3225806451612903,0.3560483870967742,省级压力中位,0.3951612903225807,0.3248847926267281,0.3560483870967742,0.4370967741935484,-0.0810483870967742,0.45161290322580644,低压低响应型,0.7799677419354839,0.98,0.5354838709677419,慢病政策执行中位,14,8,高政策暴露；慢病政策执行中位,D层政策暴露高位,7.23,-0.58,63.77,34202.5,0.41935483870967744,0.5483870967741935,6,2018;2019;2021;2022;2023;2024,7.23,-0.1299999999999999,18461.0,-48.7,,11360.67,0.3225806451612903,0.032258064516129,0.3016129032258064,NCD健康结局低压锚点,0.946236559139785,高一致性,0.3548387096774194,34.05,4487.1,768.1,711.6,4,field_level_reviewed_high_confidence,True,1.0,3.0,4.0,2019,0.7799677419354839,地方政策执行高位,2,3,True,True,True,该省存在DRG或DIP国家试点城市，可作为省级D层政策暴露时间线种子。,"吸烟(7.0,P66) / 高钠饮食(47.4,P65) / 饮酒(9.9,P23)",心血管疾病(4978.2) / 肿瘤(3792.2) / 慢性呼吸系统疾病(1644.9),类型1-高负担转型承压型 / 非传染病高压期 / 高压高响应型,高收缩压 / 吸烟 / 高血糖,优先补基层能力和基础服务网络,高血压筛查、控盐行动和基层连续用药；无烟环境执法、戒烟门诊和烟草风险宣传；酒精危害干预和重点人群行为风险管理,"江西省当前为相对均衡观察型。当前压力不算最高，但响应能力偏弱，应先补资源底盘并监测吸烟(7.0,P66) / 高钠饮食(47.4,P65) / 饮酒(9.9,P23)；医保支付改革试点暴露较强，可优先承接服务效率和资源配置优化情景。",已补GBD 2017省级疾病负担与风险SEV、GBD 2021省级NCD年龄标化健康结局锚点、地级市人口加权PM2.5、人口与卫生资源，并接入NHSA DRG/DIP、NHC慢病示范区、地方政策执行指标和NBS粗死亡率敏感性面板；床位、医保和基金收支为字段级QC候选不纳入核心评分，当前不声明省级健康结果强因果。
贵州省,2024,人均资源中位,相对均衡观察型,0.6064516129032258,44.43,30869.0,38562148.0,11.56,115.21661085891793,800.500013640319,0.28003457216940353,0.08270492090771975,2024,17.586551827050283,0.0967741935483871,0.510483870967742,省级压力中位,0.6935483870967741,0.4009216589861751,0.510483870967742,0.6064516129032258,-0.09596774193548385,0.41935483870967744,相对均衡型,0.7048467741935485,0.98,0.3685483870967742,慢病政策执行中位,11,5,高政策暴露；慢病政策执行中位,D层政策暴露高位,7.74,3.0,56.65,22667.1,0.0967741935483871,0.3225806451612903,6,2018;2019;2021;2022;2023;2024,7.74,-0.0299999999999993,21498.0,-36.6,,13904.91,0.8709677419354839,0.2258064516129032,0.7983870967741936,NCD健康结局高压锚点,0.7688172043010753,中一致性,0.4838709677419355,32.48,4146.4,721.2,642.4,5,field_level_reviewed_high_confidence,False,1.0,3.0,4.0,2019,0.7048467741935485,地方政策执行高位,2,3,True,True,True,该省存在DRG或DIP国家试点城市，可作为省级D层政策暴露时间线种子。,"吸烟(8.4,P100) / 高收缩压(6.9,P77) / 高钠饮食(44.7,P42)",心血管疾病(6711.7) / 肿瘤(3597.5) / 慢性呼吸系统疾病(2466.0),类型1-高负担转型承压型 / 非传染病高压期 / 高压高响应型,高收缩压 / 吸烟 / 高血糖,优先做风险监测、慢病质量提升和局部短板治理,高血压筛查、控盐行动和基层连续用药；无烟环境执法、戒烟门诊和烟草风险宣传,"贵州省当前为相对均衡观察型。压力与响应相对匹配，重点盯住吸烟(8.4,P100) / 高收缩压(6.9,P77) / 高钠饮食(44.7,P42)，避免局部缺口扩大；医保支付改革试点暴露较强，可优先承接服务效率和资源配置优化情景。",已补GBD 2017省级疾病负担与风险SEV、GBD 2021省级NCD年龄标化健康结局锚点、地级市人口加权PM2.5、人口与卫生资源，并接入NHSA DRG/DIP、NHC慢病示范区、地方政策执行指标和NBS粗死亡率敏感性面板；床位、医保和基金收支为字段级QC候选不纳入核心评分，当前不声明省级健康结果强因果。
内蒙古自治区,2024,人均资源高位,资源储备较强型,0.717741935483871,30.16,26768.0,24049155.0,13.05,125.40981169608662,1113.0536603053206,0.20978740473325308,0.08972480052108778,2024,25.017713585203488,0.22580645161290322,0.5814516129032258,省级压力中位,0.5806451612903225,0.6566820276497696,0.5814516129032258,0.717741935483871,-0.13629032258064522,0.3870967741935484,相对均衡型,0.7861370967741936,0.98,0.5491935483870968,慢病政策执行中位,12,7,高政策暴露；慢病政策执行中位,D层政策暴露高位,8.36,-2.84,70.73,26314.6,0.7096774193548387,0.3870967741935484,6,2018;2019;2021;2022;2023;2024,8.36,-0.0600000000000005,21270.2,-37.5,,14111.36,0.9032258064516128,0.1290322580645161,0.8032258064516128,NCD健康结局高压锚点,0.8655913978494624,高一致性,0.6774193548387096,17.36,2164.0,554.7,518.8,4,field_level_reviewed_high_confidence,True,1.0,3.0,4.0,2019,0.7861370967741936,地方政策执行高位,2,3,True,True,True,该省存在DRG或DIP国家试点城市，可作为省级D层政策暴露时间线种子。,"高收缩压(7.8,P94) / 高钠饮食(50.5,P94) / 高BMI(10.6,P71)",心血管疾病(7502.2) / 肿瘤(4167.9) / 慢性呼吸系统疾病(1408.8),类型1-高负担转型承压型 / 非传染病高压期 / 高压高响应型,高收缩压 / 吸烟 / 高血糖,优先做风险监测、慢病质量提升和局部短板治理,高血压筛查、控盐行动和基层连续用药；糖尿病早筛、体重管理和社区慢病随访,"内蒙古自治区当前为资源储备较强型。压力与响应相对匹配，重点盯住高收缩压(7.8,P94) / 高钠饮食(50.5,P94) / 高BMI(10.6,P71)，避免局部缺口扩大；医保支付改革试点暴露较强，可优先承接服务效率和资源配置优化情景。",已补GBD 2017省级疾病负担与风险SEV、GBD 2021省级NCD年龄标化健康结局锚点、地级市人口加权PM2.5、人口与卫生资源，并接入NHSA DRG/DIP、NHC慢病示范区、地方政策执行指标和NBS粗死亡率敏感性面板；床位、医保和基金收支为字段级QC候选不纳入核心评分，当前不声明省级健康结果强因果。
海南省,2024,人均资源中位,相对均衡观察型,0.435483870967742,10.96,6382.0,10081232.0,10.43,108.71687111257833,633.0575469347397,0.27590221187427244,0.17814288351486063,2024,14.591736385743689,0.06451612903225806,0.2991935483870967,省级压力低位,0.30645161290322576,0.35023041474654376,0.2991935483870967,0.435483870967742,-0.13629032258064527,0.3548387096774194,低压低响应型,0.6574435483870968,0.94,0.3120967741935484,慢病政策执行低位,7,3,高政策暴露；慢病政策执行低位,D层政策暴露中位,6.31,3.06,63.08,7935.7,0.3548387096774194,0.12903225806451613,6,2018;2019;2021;2022;2023;2024,6.31,-0.1600000000000001,19230.3,-28.2,,9436.0,0.3870967741935484,0.2903225806451612,0.3629032258064515,NCD健康结局中位锚点,0.8225806451612904,高一致性,0.1935483870967742,6.15,943.4,,178.8,3,field_level_reviewed_partial,True,1.0,1.0,2.0,2019,0.6574435483870968,地方政策执行中位,2,3,True,True,True,该省存在DRG或DIP国家试点城市，可作为省级D层政策暴露时间线种子。,"高血糖(1.9,P87) / 吸烟(7.0,P58) / 饮酒(10.5,P45)",心血管疾病(3874.9) / 肿瘤(3309.8) / 慢性呼吸系统疾病(1198.8),类型1-高负担转型承压型 / 非传染病高压期 / 高压高响应型,高收缩压 / 吸烟 / 高血糖,优先补基层能力和基础服务网络,无烟环境执法、戒烟门诊和烟草风险宣传；糖尿病早筛、体重管理和社区慢病随访；酒精危害干预和重点人群行为风险管理,"海南省当前为相对均衡观察型。当前压力不算最高，但响应能力偏弱，应先补资源底盘并监测高血糖(1.9,P87) / 吸烟(7.0,P58) / 饮酒(10.5,P45)。",已补GBD 2017省级疾病负担与风险SEV、GBD 2021省级NCD年龄标化健康结局锚点、地级市人口加权PM2.5、人口与卫生资源，并接入NHSA DRG/DIP、NHC慢病示范区、地方政策执行指标和NBS粗死亡率敏感性面板；床位、医保和基金收支为字段级QC候选不纳入核心评分，当前不声明省级健康结果强因果。
上海市,2024,人均资源中位,相对均衡观察型,0.6064516129032258,31.4,6421.0,24870895.0,16.28,126.2519905294924,258.1732583407232,0.2625653397667871,0.14722172592460248,2024,27.9808219178082,0.3870967741935484,0.4689516129032258,省级压力中位,0.16935483870967744,0.6059907834101382,0.4689516129032258,0.6064516129032258,-0.1375,0.3064516129032258,相对均衡型,0.5315161290322581,0.94,0.032258064516129,慢病政策执行低位,2,0,高政策暴露；慢病政策执行低位,D层政策暴露中位,6.28,-1.53,89.85,53926.7,1.0,0.7419354838709677,6,2018;2019;2021;2022;2023;2024,6.28,-0.0899999999999998,15140.5,-33.1,,7747.570000000001,0.032258064516129,0.0,0.0451612903225806,NCD健康结局低压锚点,0.935483870967742,高一致性,0.1612903225806451,18.61,2020.4,2164.5,1661.0,4,field_level_reviewed_high_confidence,True,1.0,1.0,2.0,2019,0.5315161290322581,地方政策执行中位,2,3,True,True,True,该省存在DRG或DIP国家试点城市，可作为省级D层政策暴露时间线种子。,"饮酒(13.6,P97) / 高BMI(13.1,P94) / PM2.5(71.4,P90)",肿瘤(3210.0) / 心血管疾病(2535.2) / 慢性呼吸系统疾病(1009.2),类型1-高负担转型承压型 / 非传染病高压期 / 高压高响应型,高收缩压 / 吸烟 / 高血糖,优先做风险监测、慢病质量提升和局部短板治理,PM2.5协同治理、心肺慢病筛查和高风险人群防护；糖尿病早筛、体重管理和社区慢病随访；酒精危害干预和重点人群行为风险管理,"上海市当前为相对均衡观察型。压力与响应相对匹配，重点盯住饮酒(13.6,P97) / 高BMI(13.1,P94) / PM2.5(71.4,P90)，避免局部缺口扩大。",已补GBD 2017省级疾病负担与风险SEV、GBD 2021省级NCD年龄标化健康结局锚点、地级市人口加权PM2.5、人口与卫生资源，并接入NHSA DRG/DIP、NHC慢病示范区、地方政策执行指标和NBS粗死亡率敏感性面板；床位、医保和基金收支为字段级QC候选不纳入核心评分，当前不声明省级健康结果强因果。
云南省,2024,人均资源中位,相对均衡观察型,0.5225806451612903,53.64,29667.0,47209277.0,10.75,113.62173582959129,628.4146228293223,0.24947589098532497,0.1594559737366632,2024,20.682173702526445,0.1935483870967742,0.3850806451612903,省级压力中位,0.5080645161290323,0.3179723502304147,0.3850806451612903,0.5225806451612903,-0.1375,0.3064516129032258,相对均衡型,0.9094112903225808,0.96,0.8475806451612904,慢病政策执行高位,21,12,高政策暴露；慢病政策执行高位,D层政策暴露高位,8.45,0.17,54.11,31534.1,0.06451612903225806,0.45161290322580644,6,2018;2019;2021;2022;2023;2024,8.45,-0.1600000000000001,21495.0,-34.2,,12226.85,0.8064516129032258,0.4516129032258065,0.7516129032258065,NCD健康结局高压锚点,0.7634408602150538,中一致性,0.7419354838709677,215.0,4562.5,837.2,711.6,3,field_level_reviewed_partial,True,1.0,2.0,3.0,2019,0.9094112903225808,地方政策执行高位,2,3,True,True,True,该省存在DRG或DIP国家试点城市，可作为省级D层政策暴露时间线种子。,"吸烟(8.3,P97) / 高钠饮食(46.2,P52) / 高血糖(1.3,P29)",心血管疾病(5681.1) / 肿瘤(3107.9) / 慢性呼吸系统疾病(2345.4),类型1-高负担转型承压型 / 非传染病高压期 / 高压高响应型,高收缩压 / 吸烟 / 高血糖,优先做风险监测、慢病质量提升和局部短板治理,高血压筛查、控盐行动和基层连续用药；无烟环境执法、戒烟门诊和烟草风险宣传；糖尿病早筛、体重管理和社区慢病随访,"云南省当前为相对均衡观察型。压力与响应相对匹配，重点盯住吸烟(8.3,P97) / 高钠饮食(46.2,P52) / 高血糖(1.3,P29)，避免局部缺口扩大；医保支付改革试点暴露较强，可优先承接服务效率和资源配置优化情景。",已补GBD 2017省级疾病负担与风险SEV、GBD 2021省级NCD年龄标化健康结局锚点、地级市人口加权PM2.5、人口与卫生资源，并接入NHSA DRG/DIP、NHC慢病示范区、地方政策执行指标和NBS粗死亡率敏感性面板；床位、医保和基金收支为字段级QC候选不纳入核心评分，当前不声明省级健康结果强因果。
宁夏回族自治区,2024,人均资源中位,相对均衡观察型,0.4129032258064516,8.05,4986.0,7202654.0,9.62,111.7643579713811,692.2448308637345,0.17346938775510212,0.13395496929724815,2024,35.469741887875124,0.6774193548387096,0.25604838709677413,省级压力低位,0.21774193548387094,0.3594470046082949,0.25604838709677413,0.4129032258064516,-0.15685483870967748,0.25806451612903225,低压低响应型,0.382,0.49,0.25,慢病政策执行低位,5,2,中政策暴露；慢病政策执行低位,D层政策暴露中位,6.45,4.52,68.22,5502.8,0.6774193548387096,0.0967741935483871,6,2018;2019;2021;2022;2023;2024,6.45,-0.1399999999999996,19537.6,-37.7,,9937.78,0.5806451612903226,0.4193548387096774,0.5016129032258065,NCD健康结局中位锚点,0.7311827956989247,中一致性,0.2258064516129032,20.22,665.9,173.8,126.0,5,field_level_reviewed_high_confidence,False,0.0,2.0,2.0,2020,0.382,地方政策执行中位,2,3,True,True,True,该省存在DRG或DIP国家试点城市，可作为省级D层政策暴露时间线种子。,"吸烟(7.6,P84) / 高收缩压(6.5,P48) / PM2.5(47.9,P35)",心血管疾病(4695.9) / 肿瘤(3230.9) / 慢性呼吸系统疾病(1241.7),类型1-高负担转型承压型 / 非传染病高压期 / 高压高响应型,高收缩压 / 吸烟 / 高血糖,优先补基层能力和基础服务网络,高血压筛查、控盐行动和基层连续用药；PM2.5协同治理、心肺慢病筛查和高风险人群防护；无烟环境执法、戒烟门诊和烟草风险宣传,"宁夏回族自治区当前为相对均衡观察型。当前压力不算最高，但响应能力偏弱，应先补资源底盘并监测吸烟(7.6,P84) / 高收缩压(6.5,P48) / PM2.5(47.9,P35)。",已补GBD 2017省级疾病负担与风险SEV、GBD 2021省级NCD年龄标化健康结局锚点、地级市人口加权PM2.5、人口与卫生资源，并接入NHSA DRG/DIP、NHC慢病示范区、地方政策执行指标和NBS粗死亡率敏感性面板；床位、医保和基金收支为字段级QC候选不纳入核心评分，当前不声明省级健康结果强因果。
北京市,2024,人均资源中位,相对均衡观察型,0.5629032258064516,40.16,11273.0,21893095.0,13.3,183.4368324807433,514.9112083056325,0.17016317016317006,0.09065402476780182,2024,30.9753424657534,0.4838709677419355,0.3915322580645161,省级压力中位,0.12096774193548387,0.6682027649769585,0.3915322580645161,0.5629032258064516,-0.1713709677419355,0.22580645161290322,相对均衡型,0.41854032258064516,0.47,0.3556451612903226,慢病政策执行中位,9,3,中政策暴露；慢病政策执行中位,D层政策暴露中位,6.08,0.01,88.22,49843.1,0.967741935483871,0.6451612903225806,6,2018;2019;2021;2022;2023;2024,6.08,-0.0499999999999998,16092.1,-35.7,,7923.56,0.0967741935483871,0.032258064516129,0.0951612903225806,NCD健康结局低压锚点,0.967741935483871,高一致性,0.1290322580645161,14.11,1933.6,2156.6,1404.8,4,field_level_reviewed_high_confidence,True,1.0,0.0,1.0,2019,0.4185403225806451,地方政策执行中位,2,3,True,True,True,该省存在DRG或DIP国家试点城市，可作为省级D层政策暴露时间线种子。,"PM2.5(86.0,P100) / 高BMI(15.6,P100) / 饮酒(14.7,P100)",心血管疾病(3439.3) / 肿瘤(2670.4) / 糖尿病和肾病(962.8),类型1-高负担转型承压型 / 非传染病高压期 / 高压高响应型,高收缩压 / 吸烟 / 高血糖,优先做风险监测、慢病质量提升和局部短板治理,PM2.5协同治理、心肺慢病筛查和高风险人群防护；糖尿病早筛、体重管理和社区慢病随访；酒精危害干预和重点人群行为风险管理,"北京市当前为相对均衡观察型。压力与响应相对匹配，重点盯住PM2.5(86.0,P100) / 高BMI(15.6,P100) / 饮酒(14.7,P100)，避免局部缺口扩大。",已补GBD 2017省级疾病负担与风险SEV、GBD 2021省级NCD年龄标化健康结局锚点、地级市人口加权PM2.5、人口与卫生资源，并接入NHSA DRG/DIP、NHC慢病示范区、地方政策执行指标和NBS粗死亡率敏感性面板；床位、医保和基金收支为字段级QC候选不纳入核心评分，当前不声明省级健康结果强因果。
吉林省,2024,人均资源高位,高龄高响应储备型,0.8274193548387097,30.43,26540.0,24073453.0,15.61,126.40479951089692,1102.4592109823216,0.23498376623376616,0.19560320749617088,2024,28.858180321780218,0.41935483870967744,0.6370967741935485,省级压力中位,0.6129032258064516,0.5622119815668203,0.6370967741935485,0.8274193548387097,-0.19032258064516117,0.1935483870967742,相对均衡型,0.636758064516129,0.94,0.2661290322580645,慢病政策执行低位,8,3,高政策暴露；慢病政策执行低位,D层政策暴露中位,,-4.85,65.78,14361.2,0.4838709677419355,0.1935483870967742,6,2018;2019;2021;2022;2023;2024,9.02,-0.1500000000000003,20356.6,-38.0,,14722.879999999996,0.7419354838709677,-0.096774193548387,0.753225806451613,NCD健康结局高压锚点,0.89247311827957,高一致性,0.9032258064516128,17.77,,,436.2,2,field_level_reviewed_partial,True,1.0,1.0,2.0,2019,0.636758064516129,地方政策执行中位,2,3,True,True,True,该省存在DRG或DIP国家试点城市，可作为省级D层政策暴露时间线种子。,"高收缩压(7.2,P81) / 高血糖(1.7,P74) / 饮酒(11.9,P71)",心血管疾病(8040.2) / 肿瘤(4477.2) / 糖尿病和肾病(1232.6),类型1-高负担转型承压型 / 非传染病高压期 / 高压高响应型,高收缩压 / 吸烟 / 高血糖,优先做风险监测、慢病质量提升和局部短板治理,高血压筛查、控盐行动和基层连续用药；糖尿病早筛、体重管理和社区慢病随访；酒精危害干预和重点人群行为风险管理,"吉林省当前为高龄高响应储备型。压力与响应相对匹配，重点盯住高收缩压(7.2,P81) / 高血糖(1.7,P74) / 饮酒(11.9,P71)，避免局部缺口扩大。",已补GBD 2017省级疾病负担与风险SEV、GBD 2021省级NCD年龄标化健康结局锚点、地级市人口加权PM2.5、人口与卫生资源，并接入NHSA DRG/DIP、NHC慢病示范区、地方政策执行指标和NBS粗死亡率敏感性面板；床位、医保和基金收支为字段级QC候选不纳入核心评分，当前不声明省级健康结果强因果。
新疆维吾尔自治区,2024,人均资源高位,资源储备较强型,0.6774193548387096,31.49,19112.0,25852345.0,7.76,121.80713200291888,739.2752959160958,0.3320642978003383,0.04005224205485414,2024,46.48710692963434,1.0,0.46733870967741936,省级压力中位,0.6048387096774194,0.5207373271889401,0.46733870967741936,0.6774193548387096,-0.21008064516129027,0.16129032258064516,相对均衡型,0.6488467741935484,0.96,0.2685483870967742,慢病政策执行低位,8,4,高政策暴露；慢病政策执行低位,D层政策暴露中位,6.05,3.37,60.36,20534.1,0.25806451612903225,0.2903225806451613,6,2018;2019;2021;2022;2023;2024,6.05,-0.1200000000000001,21601.3,-37.1,,12810.62,0.7096774193548387,0.4516129032258064,0.6967741935483871,NCD健康结局高压锚点,0.553763440860215,低一致性需解释,0.0967741935483871,,2366.9,663.4,589.9,3,field_level_reviewed_partial,True,1.0,2.0,3.0,2019,0.6488467741935484,地方政策执行中位,2,3,True,True,True,该省存在DRG或DIP国家试点城市，可作为省级D层政策暴露时间线种子。,"高钠饮食(52.1,P100) / 高血糖(2.0,P97) / PM2.5(57.5,P68)",心血管疾病(6367.3) / 肿瘤(3160.2) / 慢性呼吸系统疾病(1994.7),类型1-高负担转型承压型 / 非传染病高压期 / 高压高响应型,高收缩压 / 吸烟 / 高血糖,优先做风险监测、慢病质量提升和局部短板治理,高血压筛查、控盐行动和基层连续用药；PM2.5协同治理、心肺慢病筛查和高风险人群防护；糖尿病早筛、体重管理和社区慢病随访,"新疆维吾尔自治区当前为资源储备较强型。压力与响应相对匹配，重点盯住高钠饮食(52.1,P100) / 高血糖(2.0,P97) / PM2.5(57.5,P68)，避免局部缺口扩大。",已补GBD 2017省级疾病负担与风险SEV、GBD 2021省级NCD年龄标化健康结局锚点、地级市人口加权PM2.5、人口与卫生资源，并接入NHSA DRG/DIP、NHC慢病示范区、地方政策执行指标和NBS粗死亡率敏感性面板；床位、医保和基金收支为字段级QC候选不纳入核心评分，当前不声明省级健康结果强因果。
甘肃省,2024,人均资源高位,资源储备较强型,0.6806451612903225,29.32,26741.0,25019831.0,12.58,117.18704255036735,1068.7921912821873,0.2831509846827134,0.0016481252575195615,2024,29.994560699218887,0.45161290322580644,0.46209677419354833,省级压力中位,0.5967741935483871,0.3317972350230414,0.46209677419354833,0.6806451612903225,-0.21854838709677415,0.12903225806451613,相对均衡型,0.6994032258064516,0.98,0.3564516129032258,慢病政策执行中位,8,7,高政策暴露；慢病政策执行中位,D层政策暴露高位,8.9,-0.9,56.83,13002.9,0.12903225806451613,0.16129032258064516,6,2018;2019;2021;2022;2023;2024,8.9,-0.1399999999999988,20021.2,-38.9,,13593.06,0.6451612903225806,0.064516129032258,0.6548387096774194,NCD健康结局中位锚点,0.8709677419354839,高一致性,0.8387096774193549,4.78,2464.6,465.2,415.8,5,field_level_reviewed_high_confidence,False,1.0,3.0,4.0,2019,0.6994032258064516,地方政策执行高位,2,3,True,True,True,该省存在DRG或DIP国家试点城市，可作为省级D层政策暴露时间线种子。,"吸烟(7.8,P90) / 高收缩压(6.7,P56) / 高血糖(1.3,P26)",心血管疾病(6407.4) / 肿瘤(3767.3) / 慢性呼吸系统疾病(2382.2),类型1-高负担转型承压型 / 非传染病高压期 / 高压高响应型,高收缩压 / 吸烟 / 高血糖,优先做风险监测、慢病质量提升和局部短板治理,高血压筛查、控盐行动和基层连续用药；无烟环境执法、戒烟门诊和烟草风险宣传；糖尿病早筛、体重管理和社区慢病随访,"甘肃省当前为资源储备较强型。压力与响应相对匹配，重点盯住吸烟(7.8,P90) / 高收缩压(6.7,P56) / 高血糖(1.3,P26)，避免局部缺口扩大；医保支付改革试点暴露较强，可优先承接服务效率和资源配置优化情景。",已补GBD 2017省级疾病负担与风险SEV、GBD 2021省级NCD年龄标化健康结局锚点、地级市人口加权PM2.5、人口与卫生资源，并接入NHSA DRG/DIP、NHC慢病示范区、地方政策执行指标和NBS粗死亡率敏感性面板；床位、医保和基金收支为字段级QC候选不纳入核心评分，当前不声明省级健康结果强因果。
浙江省,2024,人均资源高位,资源储备较强型,0.6790322580645162,81.43,39593.0,64567588.0,13.27,126.11590818600814,613.2024011799853,0.29665605095541414,0.16043846537120077,2024,26.7472808571401,0.3548387096774194,0.41008064516129034,省级压力中位,0.2338709677419355,0.5944700460829493,0.41008064516129034,0.6790322580645162,-0.26895161290322583,0.0967741935483871,相对均衡型,0.6384596774193549,0.47,0.8443548387096775,慢病政策执行高位,26,9,中政策暴露；慢病政策执行高位,D层政策暴露中位,6.53,-0.36,75.46,90130.6,0.8387096774193549,0.9032258064516129,6,2018;2019;2021;2022;2023;2024,6.53,-0.1299999999999999,16431.0,-35.3,,9279.48,0.1935483870967742,0.032258064516129,0.1758064516129032,NCD健康结局低压锚点,0.9301075268817204,高一致性,0.2580645161290322,41.32,5713.2,2445.2,2069.9,4,field_level_reviewed_high_confidence,True,1.0,0.0,1.0,2019,0.6384596774193549,地方政策执行中位,2,3,True,True,True,该省存在DRG或DIP国家试点城市，可作为省级D层政策暴露时间线种子。,"饮酒(13.6,P90) / 吸烟(7.3,P77) / PM2.5(59.5,P71)",肿瘤(4115.1) / 心血管疾病(3099.6) / 慢性呼吸系统疾病(1211.2),类型1-高负担转型承压型 / 非传染病高压期 / 高压高响应型,高收缩压 / 吸烟 / 高血糖,优先做风险监测、慢病质量提升和局部短板治理,PM2.5协同治理、心肺慢病筛查和高风险人群防护；无烟环境执法、戒烟门诊和烟草风险宣传；酒精危害干预和重点人群行为风险管理,"浙江省当前为资源储备较强型。压力与响应相对匹配，重点盯住饮酒(13.6,P90) / 吸烟(7.3,P77) / PM2.5(59.5,P71)，避免局部缺口扩大。",已补GBD 2017省级疾病负担与风险SEV、GBD 2021省级NCD年龄标化健康结局锚点、地级市人口加权PM2.5、人口与卫生资源，并接入NHSA DRG/DIP、NHC慢病示范区、地方政策执行指标和NBS粗死亡率敏感性面板；床位、医保和基金收支为字段级QC候选不纳入核心评分，当前不声明省级健康结果强因果。
青海省,2024,人均资源高位,资源储备较强型,0.7870967741935484,7.65,6914.0,5923957.0,8.68,129.13665646121333,1167.1252846703646,0.2338709677419355,0.06156916935360046,2024,25.710857059282542,0.2903225806451613,0.4157258064516129,省级压力中位,0.5564516129032258,0.39861751152073727,0.4157258064516129,0.7870967741935484,-0.3713709677419355,0.06451612903225806,相对均衡型,0.6650645161290323,0.94,0.3290322580645162,慢病政策执行低位,6,4,高政策暴露；慢病政策执行低位,D层政策暴露中位,7.41,2.7,63.86,3950.8,0.45161290322580644,0.06451612903225806,6,2018;2019;2021;2022;2023;2024,7.41,-0.1600000000000001,24794.2,-32.7,,12858.55,1.0,0.4838709677419355,0.8467741935483871,NCD健康结局高压锚点,0.6129032258064517,低一致性需解释,0.3870967741935484,4.43,546.1,159.6,149.5,4,field_level_reviewed_high_confidence,True,1.0,1.0,2.0,2019,0.6650645161290323,地方政策执行中位,2,3,True,True,True,该省存在DRG或DIP国家试点城市，可作为省级D层政策暴露时间线种子。,"吸烟(8.1,P94) / 高钠饮食(48.6,P84) / 高收缩压(6.5,P45)",心血管疾病(5896.4) / 肿瘤(3864.3) / 慢性呼吸系统疾病(2053.1),类型1-高负担转型承压型 / 非传染病高压期 / 高压高响应型,高收缩压 / 吸烟 / 高血糖,优先做风险监测、慢病质量提升和局部短板治理,高血压筛查、控盐行动和基层连续用药；无烟环境执法、戒烟门诊和烟草风险宣传,"青海省当前为资源储备较强型。压力与响应相对匹配，重点盯住吸烟(8.1,P94) / 高钠饮食(48.6,P84) / 高收缩压(6.5,P45)，避免局部缺口扩大。",已补GBD 2017省级疾病负担与风险SEV、GBD 2021省级NCD年龄标化健康结局锚点、地级市人口加权PM2.5、人口与卫生资源，并接入NHSA DRG/DIP、NHC慢病示范区、地方政策执行指标和NBS粗死亡率敏感性面板；床位、医保和基金收支为字段级QC候选不纳入核心评分，当前不声明省级健康结果强因果。
西藏自治区,2024,人均资源高位,资源储备较强型,0.8919354838709678,5.08,7233.0,3648100.0,5.67,139.25056878923274,1982.6759134892136,0.30927835051546393,0.04221902017291068,2024,9.789889880001327,0.03225806451612903,0.33024193548387093,省级压力低位,0.3790322580645161,0.4377880184331797,0.33024193548387093,0.8919354838709678,-0.5616935483870968,0.03225806451612903,相对均衡型,0.3917983870967742,0.49,0.2717741935483871,慢病政策执行低位,4,3,中政策暴露；慢病政策执行低位,D层政策暴露中位,5.44,8.43,39.68,2764.9,0.03225806451612903,0.03225806451612903,6,2018;2019;2021;2022;2023;2024,5.44,-0.3199999999999994,26481.7,-43.4,,11573.21,0.967741935483871,0.6774193548387097,0.7951612903225806,NCD健康结局高压锚点,0.4247311827956989,低一致性需解释,0.064516129032258,30.97,346.4,114.5,7.13,4,field_level_reviewed_high_confidence,True,0.0,2.0,2.0,2020,0.3917983870967742,地方政策执行中位,2,3,True,True,True,该省存在DRG或DIP国家试点城市，可作为省级D层政策暴露时间线种子。,"高收缩压(8.4,P97) / 高钠饮食(50.5,P97) / 吸烟(7.7,P87)",心血管疾病(6572.4) / 肿瘤(2153.0) / 慢性呼吸系统疾病(1948.4),类型1-高负担转型承压型 / 非传染病高压期 / 高压高响应型,高收缩压 / 吸烟 / 高血糖,优先做风险监测、慢病质量提升和局部短板治理,高血压筛查、控盐行动和基层连续用药；无烟环境执法、戒烟门诊和烟草风险宣传,"西藏自治区当前为资源储备较强型。压力与响应相对匹配，重点盯住高收缩压(8.4,P97) / 高钠饮食(50.5,P97) / 吸烟(7.7,P87)，避免局部缺口扩大。",已补GBD 2017省级疾病负担与风险SEV、GBD 2021省级NCD年龄标化健康结局锚点、地级市人口加权PM2.5、人口与卫生资源，并接入NHSA DRG/DIP、NHC慢病示范区、地方政策执行指标和NBS粗死亡率敏感性面板；床位、医保和基金收支为字段级QC候选不纳入核心评分，当前不声明省级健康结果强因果。
