country_name_zh,iso3
安道尔,AND
阿拉伯联合酋长国,ARE
阿富汗,AFG
安提瓜和巴布达,ATG
安圭拉,AIA
阿尔巴尼亚,ALB
亚美尼亚,ARM
安哥拉,AGO
南极洲,ATA
阿根廷,ARG
美属萨摩亚,ASM
奥地利,AUT
澳大利亚,AUS
阿鲁巴,ABW
奥兰群岛,ALA
阿塞拜疆,AZE
波斯尼亚和黑塞哥维那,BIH
巴巴多斯,BRB
孟加拉国,BGD
比利时,BEL
布基纳法索,BFA
保加利亚,BGR
巴林,BHR
布隆迪,BDI
贝宁,BEN
圣巴泰勒米,BLM
百慕大,BMU
文莱,BRN
玻利维亚,BOL
荷属加勒比区,BES
巴西,BRA
巴哈马,BHS
不丹,BTN
布韦岛,BVT
博茨瓦纳,BWA
白俄罗斯,BLR
伯利兹,BLZ
加拿大,CAN
科科斯（基林）群岛,CCK
刚果（金）,COD
中非共和国,CAF
刚果（布）,COG
瑞士,CHE
科特迪瓦,CIV
库克群岛,COK
智利,CHL
喀麦隆,CMR
中国,CHN
哥伦比亚,COL
哥斯达黎加,CRI
古巴,CUB
佛得角,CPV
库拉索,CUW
圣诞岛,CXR
塞浦路斯,CYP
捷克,CZE
德国,DEU
吉布提,DJI
丹麦,DNK
多米尼克,DMA
多米尼加共和国,DOM
阿尔及利亚,DZA
厄瓜多尔,ECU
爱沙尼亚,EST
埃及,EGY
西撒哈拉,ESH
厄立特里亚,ERI
西班牙,ESP
埃塞俄比亚,ETH
芬兰,FIN
斐济,FJI
福克兰群岛,FLK
密克罗尼西亚,FSM
法罗群岛,FRO
法国,FRA
加蓬,GAB
英国,GBR
格林纳达,GRD
格鲁吉亚,GEO
法属圭亚那,GUF
根西岛,GGY
加纳,GHA
直布罗陀,GIB
格陵兰,GRL
冈比亚,GMB
几内亚,GIN
瓜德罗普,GLP
赤道几内亚,GNQ
希腊,GRC
南乔治亚和南桑威奇群岛,SGS
危地马拉,GTM
关岛,GUM
几内亚比绍,GNB
圭亚那,GUY
中国香港特别行政区,HKG
赫德岛和麦克唐纳群岛,HMD
洪都拉斯,HND
克罗地亚,HRV
海地,HTI
匈牙利,HUN
印度尼西亚,IDN
爱尔兰,IRL
以色列,ISR
马恩岛,IMN
印度,IND
英属印度洋领地,IOT
伊拉克,IRQ
伊朗,IRN
冰岛,ISL
意大利,ITA
泽西岛,JEY
牙买加,JAM
约旦,JOR
日本,JPN
肯尼亚,KEN
吉尔吉斯斯坦,KGZ
柬埔寨,KHM
基里巴斯,KIR
科摩罗,COM
圣基茨和尼维斯,KNA
朝鲜,PRK
韩国,KOR
科威特,KWT
开曼群岛,CYM
哈萨克斯坦,KAZ
老挝,LAO
黎巴嫩,LBN
圣卢西亚,LCA
列支敦士登,LIE
斯里兰卡,LKA
利比里亚,LBR
莱索托,LSO
立陶宛,LTU
卢森堡,LUX
拉脱维亚,LVA
利比亚,LBY
摩洛哥,MAR
摩纳哥,MCO
摩尔多瓦,MDA
黑山,MNE
法属圣马丁,MAF
马达加斯加,MDG
马绍尔群岛,MHL
北马其顿,MKD
马里,MLI
缅甸,MMR
蒙古,MNG
中国澳门特别行政区,MAC
北马里亚纳群岛,MNP
马提尼克,MTQ
毛里塔尼亚,MRT
蒙特塞拉特,MSR
马耳他,MLT
毛里求斯,MUS
马尔代夫,MDV
马拉维,MWI
墨西哥,MEX
马来西亚,MYS
莫桑比克,MOZ
纳米比亚,NAM
新喀里多尼亚,NCL
尼日尔,NER
诺福克岛,NFK
尼日利亚,NGA
尼加拉瓜,NIC
荷兰,NLD
挪威,NOR
尼泊尔,NPL
瑙鲁,NRU
纽埃,NIU
新西兰,NZL
阿曼,OMN
巴拿马,PAN
秘鲁,PER
法属波利尼西亚,PYF
巴布亚新几内亚,PNG
菲律宾,PHL
巴基斯坦,PAK
波兰,POL
圣皮埃尔和密克隆群岛,SPM
皮特凯恩群岛,PCN
波多黎各,PRI
巴勒斯坦领土,PSE
葡萄牙,PRT
帕劳,PLW
巴拉圭,PRY
卡塔尔,QAT
留尼汪,REU
罗马尼亚,ROU
塞尔维亚,SRB
俄罗斯,RUS
卢旺达,RWA
沙特阿拉伯,SAU
所罗门群岛,SLB
塞舌尔,SYC
苏丹,SDN
瑞典,SWE
新加坡,SGP
圣赫勒拿,SHN
斯洛文尼亚,SVN
斯瓦尔巴和扬马延,SJM
斯洛伐克,SVK
塞拉利昂,SLE
圣马力诺,SMR
塞内加尔,SEN
索马里,SOM
苏里南,SUR
南苏丹,SSD
圣多美和普林西比,STP
萨尔瓦多,SLV
荷属圣马丁,SXM
叙利亚,SYR
斯威士兰,SWZ
特克斯和凯科斯群岛,TCA
乍得,TCD
法属南部领地,ATF
多哥,TGO
泰国,THA
塔吉克斯坦,TJK
托克劳,TKL
东帝汶,TLS
土库曼斯坦,TKM
突尼斯,TUN
汤加,TON
土耳其,TUR
特立尼达和多巴哥,TTO
图瓦卢,TUV
台湾,TWN
坦桑尼亚,TZA
乌克兰,UKR
乌干达,UGA
美国本土外小岛屿,UMI
美国,USA
乌拉圭,URY
乌兹别克斯坦,UZB
梵蒂冈,VAT
圣文森特和格林纳丁斯,VCT
委内瑞拉,VEN
英属维尔京群岛,VGB
美属维尔京群岛,VIR
越南,VNM
瓦努阿图,VUT
瓦利斯和富图纳,WLF
萨摩亚,WSM
也门,YEM
马约特,MYT
南非,ZAF
赞比亚,ZMB
津巴布韦,ZWE
刚果民主共和国,COD
刚果共和国,COG
巴勒斯坦,PSE
老挝人民民主共和国,LAO
朝鲜民主主义人民共和国,PRK
伊朗伊斯兰共和国,IRN
委内瑞拉玻利瓦尔共和国,VEN
叙利亚阿拉伯共和国,SYR
坦桑尼亚联合共和国,TZA
玻利维亚多民族国,BOL
摩尔多瓦共和国,MDA
中国台湾,TWN
香港,HKG
澳门,MAC
美利坚合众国,USA
大韩民国,KOR
阿拉伯叙利亚共和国,SYR
文莱达鲁萨兰国,BRN
刚果,COG
科特廸亚,CIV
捷克共和国,CZE
玻利维亚国,BOL
东帝汶民主共和国,TLS
伯利兹城,BLZ
卢森堡公国,LUX
厄立特里亚国,ERI
圣卢西亚岛,LCA
圣基茨和尼维斯联邦,KNA
圣多美和普林西比民主共和国,STP
圣马力诺共和国,SMR
多米尼加岛,DMA
安道尔共和国,AND
密克罗尼西亚联邦,FSM
巴林岛,BHR
帕劳共和国,PLW
摩纳哥公国,MCO
特立尼达拉岛和多巴哥,TTO
瑙鲁共和国,NRU
马尔他,MLT
黑山共和国,MNE
